Date,Title,Number
2022-07-25,"Mon, 25 Jul 2022",38947
2022-07-27,"Wed, 27 Jul 2022",38951
2022-07-28,"Thu, 28 Jul 2022",38955
2022-07-29,"Fri, 29 Jul 2022",38959
2022-08-01,"Mon, 1 Aug 2022",38948
2022-08-03,"Wed, 3 Aug 2022",38952
2022-08-04,"Thu, 4 Aug 2022",38956
2022-08-05,"Fri, 5 Aug 2022",38960
2022-08-08,"Mon, 8 Aug 2022",38949
2022-08-10,"Wed, 10 Aug 2022",38953
2022-08-11,"Thu, 11 Aug 2022",38957
2022-08-12,"Fri, 12 Aug 2022",38961
2022-08-15,"Mon, 15 Aug 2022",38950
2022-08-17,"Wed, 17 Aug 2022",38954
2022-08-18,"Thu, 18 Aug 2022",38958
2022-08-19,"Fri, 19 Aug 2022",38962
